"Product","Gene_Name","Count","Example_Tag","DbXrefs","Priority"
"Outer membrane protein",NA,31,"GEGEGB_00860","RefSeq:WP_000765363.1, SO:0001217, UniParc:UPI0000059A00, UniRef:UniRef100_A0A5I0S5B0, UniRef:UniRef50_A0A806Z0M5, UniRef:UniRef90_A0A3L2NSX4","Tier 1 - Known phage receptor class"
"Porin",NA,21,"GEGEGB_03055","SO:0001217, UniRef:UniRef50_P76471, UniRef:UniRef90_A9MJC9","Tier 1 - Known phage receptor class"
"Outer membrane porin OmpC/OmpF/PhoE","ompC",20,"GEGEGB_12380","COG:COG3203, COG:M, RefSeq:WP_000152873.1, SO:0001217, UniParc:UPI000005A1DB, UniRef:UniRef100_A0A725GD25, UniRef:UniRef50_A0A1X1D1Y9, UniRef:UniRef90_C0PVG1","Tier 1 - Known phage receptor class"
"Outer membrane lipoprotein",NA,18,"GEGEGB_05055","RefSeq:WP_000803230.1, SO:0001217, UniParc:UPI0000059CD2, UniRef:UniRef100_A0A725FW51, UniRef:UniRef50_P76308, UniRef:UniRef90_A0A3V9NLG3","Tier 1 - Known phage receptor class"
"Outer membrane receptor for ferrienterochelin and colicins","fepA",18,"GEGEGB_12035","COG:COG4771, COG:P, RefSeq:WP_001034967.1, SO:0001217, UniParc:UPI000005A1A0, UniRef:UniRef100_A0A725G4E0, UniRef:UniRef50_P05825, UniRef:UniRef90_A0A379SBE6","Tier 1 - Known phage receptor class"
"Pilin (type 1 fimbrial protein)","fimA",18,"GEGEGB_13290","COG:COG3539, COG:N, RefSeq:WP_000062036.1, SO:0001217, UniParc:UPI000005A27E, UniRef:UniRef100_A0A725VKY6, UniRef:UniRef50_A0A344R594, UniRef:UniRef90_A0A344R594","Tier 1 - Known phage receptor class"
"Outer membrane protein TolC","tolC",10,"GEGEGB_13920","COG:COG1538, COG:M, RefSeq:WP_000533850.1, SO:0001217, UniParc:UPI000005A2EA, UniRef:UniRef100_A0A725K3B1, UniRef:UniRef50_A0A085G5N7, UniRef:UniRef90_S5NI70","Tier 1 - Known phage receptor class"
"flagellin lysine-N-methylase","fliB",10,"GEGEGB_04935","EC:2.1.1.-, KEGG:K18475, SO:0001217, UniRef:UniRef50_UPI0016541DBE, UniRef:UniRef90_UPI001BAF48EA","Tier 1 - Known phage receptor class"
"type 1 fimbrial protein subunit FimI","fimI",10,"GEGEGB_12205","BlastRules:WP_000619606, COG:COG3539, COG:N, GO:0009289, GO:0043709, RefSeq:WP_000619617.1, SO:0001217, UniParc:UPI000005A1BD, UniRef:UniRef100_Q08456, UniRef:UniRef50_Q08456, UniRef:UniRef90_Q08456","Tier 1 - Known phage receptor class"
"Bacterial microcompartment shell protein EutS","eutS",9,"GEGEGB_02130","COG:COG4810, COG:E, GO:0031469, GO:0046336, KEGG:K04031, RefSeq:WP_001031445.1, SO:0001217, UniParc:UPI0000059AD5, UniRef:UniRef100_Q9ZFV7, UniRef:UniRef50_Q9ZFV7, UniRef:UniRef90_Q9ZFV7","Tier 1 - Known phage receptor class"
"DNA uptake porin HofQ","hofQ",9,"GEGEGB_21235","COG:COG4796, COG:U, GO:0009306, GO:0019867, SO:0001217, UniRef:UniRef50_A8AQU6, UniRef:UniRef90_A0A3Y4M8C9","Tier 1 - Known phage receptor class"
"Glycerol uptake facilitator or related aquaporin (Major Intrinsic protein Family)","glpF",9,"GEGEGB_18625","COG:COG0580, COG:G, RefSeq:WP_000084284.1, SO:0001217, UniParc:UPI000005A60F, UniRef:UniRef100_A0A725VKG1, UniRef:UniRef50_Q51389, UniRef:UniRef90_A0A379TMZ7","Tier 1 - Known phage receptor class"
"LPS assembly lipoprotein LptE","lptE",9,"GEGEGB_11705","COG:COG2980, COG:M, GO:0009279, GO:0019867, GO:0043165, RefSeq:WP_001269949.1, SO:0001217, UniParc:UPI000005A165, UniRef:UniRef100_Q8Z8H6, UniRef:UniRef50_Q8ZQZ7, UniRef:UniRef90_Q8ZQZ7","Tier 1 - Known phage receptor class"
"LPS assembly protein LptD","lptD",9,"GEGEGB_00500","COG:COG1452, COG:M, GO:0009279, GO:0010033, GO:0015920, GO:0019867, GO:0043165, RefSeq:WP_000746124.1, SO:0001217, UniParc:UPI00000599C0, UniRef:UniRef100_Q8Z9J6, UniRef:UniRef50_P31554, UniRef:UniRef90_P31554","Tier 1 - Known phage receptor class"
"Lipopolysaccharide assembly protein A","lapA",9,"GEGEGB_08565","COG:COG3771, COG:S, GO:0005886, GO:0008653, RefSeq:WP_000876300.1, SO:0001217, UniParc:UPI0000059F39, UniRef:UniRef100_A0A725K4K7, UniRef:UniRef50_P0ACV4, UniRef:UniRef90_P0ACV4","Tier 1 - Known phage receptor class"
"Maltoporin","lamB",9,"GEGEGB_21865","COG:COG4580, COG:G, GO:0006811, GO:0009279, GO:0015144, GO:0015288, GO:0015481, GO:0015774, GO:0042958, GO:0046930, RefSeq:WP_000973678.1, SO:0001217, UniParc:UPI000005A82C, UniRef:UniRef100_B4T1S6, UniRef:UniRef50_A8AN92, UniRef:UniRef90_Q57GZ6","Tier 1 - Known phage receptor class"
"Nucleoside-specific channel-forming protein Tsx","tsx",9,"GEGEGB_12910","COG:COG3248, COG:M, GO:0005337, GO:0006811, GO:0009279, GO:0015288, GO:0046930, RefSeq:WP_000752021.1, SO:0001217, UniParc:UPI000005A23C, UniRef:UniRef100_P0A262, UniRef:UniRef50_P0A262, UniRef:UniRef90_P0A262","Tier 1 - Known phage receptor class"
"OmpA family lipoprotein","ompA",9,"GEGEGB_20475","COG:COG2885, COG:M, GO:0009279, RefSeq:WP_000747548.1, SO:0001217, UniParc:UPI000005A73E, UniRef:UniRef100_A0A8E6Y3Z7, UniRef:UniRef50_A0A0J2H392, UniRef:UniRef90_A0A0J2H392","Tier 1 - Known phage receptor class"
"Outer membrane lipoprotein LpoA, binds and activates PBP1a","lpoA",9,"GEGEGB_16770","COG:COG3107, COG:M, RefSeq:WP_000249248.1, SO:0001217, UniParc:UPI000005A4DE, UniRef:UniRef100_A0A725G3H0, UniRef:UniRef50_P45464, UniRef:UniRef90_C0PZ32","Tier 1 - Known phage receptor class"
"Outer membrane porin C","ompC",9,"GEGEGB_03215","COG:COG3203, COG:M, GO:0009279, GO:0015288, GO:0034220, GO:0046930, RefSeq:WP_000865526.1, SO:0001217, UniParc:UPI0000059B97, UniRef:UniRef100_P0A264, UniRef:UniRef50_P06996, UniRef:UniRef90_P0A264","Tier 1 - Known phage receptor class"
"Outer membrane protein X",NA,9,"GEGEGB_10840","RefSeq:WP_000716763.1, SO:0001217, UniParc:UPI000005A0D4, UniRef:UniRef100_A0A6C8GRB0, UniRef:UniRef90_P0A919","Tier 1 - Known phage receptor class"
"Putative salt-induced outer membrane protein YdiY","ydiY",9,"GEGEGB_06400","COG:COG3137, COG:M, KEGG:K07283, RefSeq:WP_000770984.1, SO:0001217, UniParc:UPI0000059DC2, UniRef:UniRef100_A0A725G224, UniRef:UniRef50_P76206, UniRef:UniRef90_A0A5I0Y1J5","Tier 1 - Known phage receptor class"
"Starvation-inducible outer membrane lipoprotein Slp","slp",9,"GEGEGB_05620","COG:COG3065, COG:M, RefSeq:WP_000290594.1, SO:0001217, UniParc:UPI0000059D3A, UniRef:UniRef100_A0A3Z3HRY5, UniRef:UniRef50_P0AA92, UniRef:UniRef90_A0A659MDA9","Tier 1 - Known phage receptor class"
"TonB system transport protein ExbD","exbD",9,"GEGEGB_16175","COG:COG0848, COG:U, GO:0005886, GO:0015031, GO:0022857, GO:0043213, GO:0055085, RefSeq:WP_001251476.1, SO:0001217, UniParc:UPI000005A47B, UniRef:UniRef100_A0A3T3ENE6, UniRef:UniRef50_P0ABV4, UniRef:UniRef90_P0ABV4","Tier 1 - Known phage receptor class"
"TonB system transport protein TonB","tonB",9,"GEGEGB_08720","COG:COG0810, COG:M, GO:0015031, GO:0015343, GO:0015891, GO:0030288, GO:0031992, GO:0043213, GO:0055085, GO:0098797, KEGG:K03832, RefSeq:WP_010989146.1, SO:0001217, UniParc:UPI0000059F54, UniRef:UniRef100_A0A725VNR7, UniRef:UniRef50_P25945, UniRef:UniRef90_P25945","Tier 1 - Known phage receptor class"
"TonB-dependent receptor PqqU","pqqU",9,"GEGEGB_07910","COG:COG1629, COG:P, SO:0001217, UniRef:UniRef50_P76115, UniRef:UniRef90_A0A6C6Z1H1","Tier 1 - Known phage receptor class"
"TonB-dependent vitamin B12 receptor BtuB","btuB",9,"GEGEGB_18420","COG:COG4206, COG:H, GO:0006811, GO:0009279, GO:0015288, GO:0015420, GO:0015889, GO:0046872, GO:0046930, RefSeq:WP_000591414.1, SO:0001217, UniParc:UPI000005A5EC, UniRef:UniRef100_Q8Z314, UniRef:UniRef50_Q57H87, UniRef:UniRef90_Q57H87","Tier 1 - Known phage receptor class"
"cellulose synthase complex outer membrane protein BcsC","bcsC",9,"GEGEGB_20615","GO:0005515, GO:0019867, GO:0030244, SO:0001217, UniRef:UniRef50_A0A0I2RMC6, UniRef:UniRef90_UPI0011BA8E9A","Tier 1 - Known phage receptor class"
"ethanolamine utilization microcompartment protein EutK","eutK",9,"GEGEGB_02200","COG:COG4577, COG:QC, GO:0006091, GO:0031471, GO:0046336, RefSeq:WP_000606260.1, SO:0001217, UniParc:UPI0000059AE3, UniRef:UniRef100_A0A725VIU9, UniRef:UniRef50_Q9ZFU8, UniRef:UniRef90_Q9ZFU8","Tier 1 - Known phage receptor class"
"ethanolamine utilization microcompartment protein EutL","eutL",9,"GEGEGB_02195","COG:COG4816, COG:E, GO:0005198, GO:0006091, GO:0031469, GO:0031471, GO:0046336, RefSeq:WP_001111056.1, SO:0001217, UniParc:UPI0000059AE2, UniRef:UniRef100_P0A1D0, UniRef:UniRef50_P76541, UniRef:UniRef90_P76541","Tier 1 - Known phage receptor class"
"flagellar hook assembly protein FlgD","flgD",9,"GEGEGB_09225","COG:COG1843, COG:N, GO:0044781, GO:0071978, RefSeq:WP_000020450.1, SO:0001217, UniParc:UPI0000059FAE, UniRef:UniRef100_P0A1J0, UniRef:UniRef50_P75936, UniRef:UniRef90_P0A1J0","Tier 1 - Known phage receptor class"
"flagellar hook length control protein FliK","fliK",9,"GEGEGB_04855","COG:COG3144, COG:N, GO:0009424, GO:0044780, RefSeq:WP_000631663.1, SO:0001217, UniParc:UPI0000059CAD, UniRef:UniRef100_A0A725G5H8, UniRef:UniRef50_P26416, UniRef:UniRef90_P26416","Tier 1 - Known phage receptor class"
"flagellar hook protein FlgE","flgE",9,"GEGEGB_09220","COG:COG1749, COG:N, GO:0009425, GO:0071978, RefSeq:WP_000010567.1, SO:0001217, UniParc:UPI0000059FAD, UniRef:UniRef100_P0A1J2, UniRef:UniRef50_P0A1J2, UniRef:UniRef90_P0A1J2","Tier 1 - Known phage receptor class"
"flagellar hook-associated protein FlgK","flgK",9,"GEGEGB_09190","COG:COG1256, COG:N, GO:0001539, GO:0005198, GO:0005576, GO:0009424, GO:0044780, RefSeq:WP_000096425.1, SO:0001217, UniParc:UPI0000059FA7, UniRef:UniRef100_P0A1J6, UniRef:UniRef50_P33235, UniRef:UniRef90_P0A1J6","Tier 1 - Known phage receptor class"
"flagellar hook-associated protein FlgL","flgL",9,"GEGEGB_09185","COG:COG1344, COG:N, GO:0001539, GO:0005198, GO:0005576, GO:0009424, GO:0071973, RefSeq:WP_001223025.1, SO:0001217, UniParc:UPI0000059FA6, UniRef:UniRef100_A0A725GGL9, UniRef:UniRef50_P16326, UniRef:UniRef90_P16326","Tier 1 - Known phage receptor class"
"flagellar hook-basal body complex protein FliE","fliE",9,"GEGEGB_04885","COG:COG1677, COG:N, GO:0001539, GO:0003774, GO:0005198, GO:0009425, GO:0071973, RefSeq:WP_000719033.1, SO:0001217, UniParc:UPI0000059CB3, UniRef:UniRef100_Q8Z5S1, UniRef:UniRef50_Q8Z5S1, UniRef:UniRef90_Q8Z5S1","Tier 1 - Known phage receptor class"
"lipopolysaccharide assembly protein LapB","lapB",9,"GEGEGB_08560","COG:COG2956, COG:M, GO:0005506, GO:0005515, GO:0005829, GO:0005886, GO:0008653, GO:0009898, GO:0046872, GO:0046890, RefSeq:WP_000891378.1, SO:0001217, UniParc:UPI0000059F38, UniRef:UniRef100_A0A5W1RIG3, UniRef:UniRef50_P0AB60, UniRef:UniRef90_P0AB60","Tier 1 - Known phage receptor class"
"lipoprotein insertase outer membrane protein LolB","lolB",9,"GEGEGB_05845","COG:COG3017, COG:M, GO:0008320, GO:0009279, GO:0009306, GO:0015031, GO:0044874, RefSeq:WP_000174482.1, SO:0001217, UniParc:UPI0000059D5F, UniRef:UniRef100_Q8Z6A0, UniRef:UniRef50_Q8CW45, UniRef:UniRef90_Q8Z6A0","Tier 1 - Known phage receptor class"
"multidrug resistance outer membrane protein MdtQ","mdtQ",9,"GEGEGB_03655","COG:COG1538, COG:M, GO:0015562, GO:0016020, GO:0055085, RefSeq:WP_001081453.1, SO:0001217, UniParc:UPI0000059BE6, UniRef:UniRef100_A0A603BP47, UniRef:UniRef50_P33369, UniRef:UniRef90_A0A3J8SXG5","Tier 1 - Known phage receptor class"
"omptin family outer membrane protease PgtE","pgtE",9,"GEGEGB_02525","BlastRules:WP_000716007, COG:COG4571, COG:M, EC:3.4.23.-, EC:3.4.23.49, GO:0004190, GO:0006508, GO:0009279, RefSeq:WP_000716015.1, SO:0001217, UniParc:UPI0000059B19, UniRef:UniRef100_A0A726AMC7, UniRef:UniRef50_P17811, UniRef:UniRef90_P06185","Tier 1 - Known phage receptor class"
"outer membrane channel protein TolC","tolC",9,"GEGEGB_16335","COG:COG1538, COG:M, GO:0009279, GO:0015562, GO:0046677, GO:0055085, SO:0001217, UniParc:UPI0001603FF1, UniRef:UniRef100_A0A725G9Z1, UniRef:UniRef50_P02930, UniRef:UniRef90_Q54001","Tier 1 - Known phage receptor class"
"outer membrane lipoprotein SlyB","slyB",9,"GEGEGB_06960","BlastRules:WP_000597179, COG:COG3133, COG:M, GO:0009279, KEGG:K06077, RefSeq:WP_000597179.1, SO:0001217, UniParc:UPI0000059E21, UniRef:UniRef100_P0A1X1, UniRef:UniRef50_P31484, UniRef:UniRef90_P0A1X1","Tier 1 - Known phage receptor class"
"outer membrane lipoprotein chaperone LolA","lolA",9,"GEGEGB_10415","COG:COG2834, COG:M, GO:0008320, GO:0009306, GO:0030288, GO:0042953, GO:0044874, RefSeq:WP_001765126.1, SO:0001217, UniParc:UPI000012E7B8, UniRef:UniRef100_Q8Z813, UniRef:UniRef50_Q8Z813, UniRef:UniRef90_Q8Z813","Tier 1 - Known phage receptor class"
"outer membrane protein OmpW","ompW",9,"GEGEGB_08695","COG:COG3047, COG:M, GO:0009279, GO:0019867, GO:0055085, RefSeq:WP_000714798.1, SO:0001217, UniParc:UPI0000059F4F, UniRef:UniRef100_Q8Z7E2, UniRef:UniRef50_P0A915, UniRef:UniRef90_Q8ZP50","Tier 1 - Known phage receptor class"
"outer membrane protein assembly factor BamA","bamA",9,"GEGEGB_01200","COG:COG4775, COG:M, GO:0009279, GO:0043165, GO:0051205, RefSeq:WP_001240921.1, SO:0001217, UniParc:UPI0000059A3E, UniRef:UniRef100_Q8Z9A3, UniRef:UniRef50_D5CHY0, UniRef:UniRef90_A6T4X9","Tier 1 - Known phage receptor class"
"outer membrane protein assembly factor BamB","bamB",9,"GEGEGB_01835","COG:COG1520, COG:M, GO:0005515, GO:0009279, GO:0043165, GO:0051205, RefSeq:WP_001177072.1, SO:0001217, UniParc:UPI0000059AA5, UniRef:UniRef100_A0A5X3R5Q7, UniRef:UniRef50_P77774, UniRef:UniRef90_P77774","Tier 1 - Known phage receptor class"
"outer membrane protein assembly factor BamC","bamC",9,"GEGEGB_02025","COG:COG3317, COG:M, GO:0009279, GO:0043165, GO:0051205, RefSeq:WP_000331880.1, SO:0001217, UniParc:UPI0000059AC3, UniRef:UniRef100_A0A725G3A8, UniRef:UniRef50_P0A903, UniRef:UniRef90_P0A903","Tier 1 - Known phage receptor class"
"outer membrane protein assembly factor BamD","bamD",9,"GEGEGB_13795","COG:COG4105, COG:M, GO:0009279, GO:0016020, GO:0043165, GO:0051205, GO:1990063, RefSeq:WP_000197667.1, SO:0001217, UniParc:UPI000005A2D1, UniRef:UniRef100_A0A726AEE1, UniRef:UniRef50_P0AC04, UniRef:UniRef90_P0AC04","Tier 1 - Known phage receptor class"
"outer membrane protein assembly factor BamE","bamE",9,"GEGEGB_13890","COG:COG2913, COG:M, GO:0030674, GO:0043165, GO:0051205, GO:1990063, RefSeq:WP_001203445.1, SO:0001217, UniParc:UPI000005A2E5, UniRef:UniRef100_Q7CPZ3, UniRef:UniRef50_Q7CPZ3, UniRef:UniRef90_Q7CPZ3","Tier 1 - Known phage receptor class"
"permease-like cell division protein FtsX","ftsX",9,"GEGEGB_20895","COG:COG2177, COG:D, GO:0000910, RefSeq:WP_001081708.1, SO:0001217, UniParc:UPI000005A785, UniRef:UniRef100_A0A725VBQ9, UniRef:UniRef50_P0AC31, UniRef:UniRef90_A0A0M3EY64","Tier 1 - Known phage receptor class"
"phosphoporin PhoE","phoE",9,"GEGEGB_13340","COG:COG3203, COG:M, GO:0009279, GO:0015288, GO:0016020, GO:0034220, GO:0046930, RefSeq:WP_001043666.1, SO:0001217, UniParc:UPI000005A285, UniRef:UniRef100_Q56119, UniRef:UniRef50_P02932, UniRef:UniRef90_P30705","Tier 1 - Known phage receptor class"
"porin OmpF","ompF",9,"GEGEGB_10215","BlastRules:WP_000977709, COG:COG3203, COG:M, GO:0009279, GO:0015288, GO:0034220, GO:0046930, RefSeq:WP_000977709.1, SO:0001217, UniParc:UPI000005A060, UniRef:UniRef100_Q56113, UniRef:UniRef50_Q56113, UniRef:UniRef90_Q56113","Tier 1 - Known phage receptor class"
"porin OmpL","ompL",9,"GEGEGB_19000","GO:0006811, GO:0009279, GO:0015288, GO:0015772, GO:0046930, RefSeq:WP_000838825.1, SO:0001217, UniParc:UPI000005A654, UniRef:UniRef100_Q8Z2T0, UniRef:UniRef50_P76773, UniRef:UniRef90_Q9L7R3","Tier 1 - Known phage receptor class"
"propanediol utilization microcompartment protein PduA","pduA",9,"GEGEGB_04440","BlastRules:WP_001183618, COG:COG4577, COG:QC, GO:0031472, GO:0051144, RefSeq:WP_001183618.1, SO:0001217, UniParc:UPI0000059C74, UniRef:UniRef100_P0A1C8, UniRef:UniRef50_P0A1C8, UniRef:UniRef90_P0A1C8","Tier 1 - Known phage receptor class"
"propanediol utilization microcompartment protein PduB","pduB",9,"GEGEGB_04435","COG:COG4816, COG:E, GO:0005198, GO:0031469, GO:0031472, GO:0051144, RefSeq:WP_000097500.1, SO:0001217, UniParc:UPI0001604852, UniRef:UniRef100_A0A5I5SBD1, UniRef:UniRef50_P37449, UniRef:UniRef90_P37449","Tier 1 - Known phage receptor class"
"propanediol utilization microcompartment protein PduJ","pduJ",9,"GEGEGB_04405","BlastRules:WP_023226677, COG:COG4577, COG:QC, GO:0031472, GO:0051144, RefSeq:WP_001057755.1, SO:0001217, UniParc:UPI0000059C6D, UniRef:UniRef100_H9L478, UniRef:UniRef50_H9L478, UniRef:UniRef90_H9L478","Tier 1 - Known phage receptor class"
"propanediol utilization microcompartment protein PduK","pduK",9,"GEGEGB_04400","BlastRules:WP_001284390, COG:COG4577, COG:QC, GO:0031472, GO:0051144, SO:0001217, UniRef:UniRef50_Q9XDN6, UniRef:UniRef90_Q9XDN6","Tier 1 - Known phage receptor class"
"propanediol utilization microcompartment protein PduT","pduT",9,"GEGEGB_04365","BlastRules:WP_000075772, COG:COG4577, COG:QC, GO:0031472, GO:0046872, GO:0051144, GO:0051539, RefSeq:WP_000075775.1, SO:0001217, UniParc:UPI0000059C65, UniRef:UniRef100_A0A3Z5N6R1, UniRef:UniRef50_Q9XDM8, UniRef:UniRef90_Q9XDM8","Tier 1 - Known phage receptor class"
"propanediol utilization microcompartment protein PduU","pduU",9,"GEGEGB_04360","BlastRules:WP_000441103, COG:COG4810, COG:E, GO:0031472, GO:0051144, RefSeq:WP_000441103.1, SO:0001217, UniParc:UPI0000059C64, UniRef:UniRef100_P0A1D2, UniRef:UniRef50_Q187M0, UniRef:UniRef90_P0A1D2","Tier 1 - Known phage receptor class"
"putative outer membrane lipoprotein",NA,9,"GEGEGB_05760","COG:COG4890, COG:S, RefSeq:WP_000270306.1, SO:0001217, UniParc:UPI00004F7CCB, UniRef:UniRef100_A0A5W9FGJ6, UniRef:UniRef50_Q32HS8, UniRef:UniRef90_A0A2I5HG51","Tier 1 - Known phage receptor class"
"surface-exposed outer membrane lipoprotein YaiW","yaiW",9,"GEGEGB_13115","BlastRules:WP_000092067, BlastRules:WP_001271421, RefSeq:WP_001271423.1, SO:0001217, UniParc:UPI000005A25E, UniRef:UniRef100_A0A725G7V4, UniRef:UniRef50_A0A348DIU8, UniRef:UniRef90_A9MMT2","Tier 1 - Known phage receptor class"
"type 1 fimbrial protein subunit FimA","fimA",9,"GEGEGB_12210","BlastRules:WP_000681030, BlastRules:WP_000681037, RefSeq:WP_000681037.1, SO:0001217, UniParc:UPI000005A1BE, UniRef:UniRef100_P37920, UniRef:UniRef90_P37921","Tier 1 - Known phage receptor class"
"type I fimbriae adaptor protein FimF","fimF",9,"GEGEGB_12185","COG:COG3539, COG:N, GO:0009289, GO:0043709, RefSeq:WP_000603408.1, SO:0001217, UniParc:UPI000005A1B9, UniRef:UniRef100_A0A725VE55, UniRef:UniRef50_P38052, UniRef:UniRef90_P37926, VFDB:VFC0001, VFDB:VFG000448","Tier 1 - Known phage receptor class"
"type I fimbriae minor fimbrial subunit FimH, adhesin","fimH",9,"GEGEGB_12190","COG:COG3539, COG:N, GO:0007155, GO:0009289, GO:0043709, KEGG:K07350, RefSeq:WP_000708646.1, SO:0001217, UniParc:UPI000005A1BA, UniRef:UniRef100_A0A725VJ11, UniRef:UniRef50_P37925, UniRef:UniRef90_P37925, VFDB:VFC0001, VFDB:VFG000447","Tier 1 - Known phage receptor class"
"virulence membrane protein PagC","pagC",9,"GEGEGB_05950","BlastRules:WP_000789471, COG:COG3637, COG:M, GO:0009279, GO:0044384, KEGG:K07804, RefSeq:WP_000789474.1, SO:0001217, UniParc:UPI0000059D72, UniRef:UniRef100_A0A725VRB1, UniRef:UniRef50_P23988, UniRef:UniRef90_P23988","Tier 1 - Known phage receptor class"
"adhesin/invasin protein PagN","pagN",8,"GEGEGB_13410","BlastRules:WP_000787603, COG:COG3637, COG:M, GO:0009279, RefSeq:WP_000787614.1, SO:0001217, UniParc:UPI000005A293, UniRef:UniRef100_A0A726ABJ0, UniRef:UniRef50_Q8ZRJ9, UniRef:UniRef90_Q8ZRJ9","Tier 1 - Known phage receptor class"
"chitoporin","chiP",8,"GEGEGB_11540","BlastRules:WP_001258803, GO:0006811, GO:0009279, GO:0015288, GO:0015772, GO:0015774, GO:0046930, RefSeq:WP_001258803.1, SO:0001217, UniParc:UPI000005A14C, UniRef:UniRef100_Q7CQY4, UniRef:UniRef50_P75733, UniRef:UniRef90_Q7CQY4","Tier 1 - Known phage receptor class"
"propanediol utilization microcompartment protein PduM","pduM",8,"GEGEGB_04390","BlastRules:WP_001012956, GO:0005198, GO:0031472, GO:0051144, GO:1902117, RefSeq:WP_001012961.1, SO:0001217, UniParc:UPI0000059C6A, UniRef:UniRef100_A0A725FSZ3, UniRef:UniRef50_Q9XDN4, UniRef:UniRef90_Q9XDN4","Tier 1 - Known phage receptor class"
"porin OmpS1","ompS1",6,"GEGEGB_04740","BlastRules:WP_001080666, BlastRules:WP_001080680, GO:0009279, GO:0015288, GO:0034220, GO:0046930, RefSeq:WP_001080666.1, SO:0001217, UniParc:UPI0000059C9A, UniRef:UniRef100_Q56110, UniRef:UniRef50_P02932, UniRef:UniRef90_Q56110","Tier 1 - Known phage receptor class"
"porin OmpS2","ompS2",5,"GEGEGB_07095","BlastRules:WP_000824321, GO:0009279, GO:0015288, GO:0034220, GO:0046930, RefSeq:WP_000824321.1, SO:0001217, UniParc:UPI0000059E3B, UniRef:UniRef100_Q56111, UniRef:UniRef50_P06996, UniRef:UniRef90_Q56111","Tier 1 - Known phage receptor class"
"Major outer membrane lipoprotein Lpp 2","lpp2",3,"GEGEGB_06605","COG:COG4238, COG:M, GO:0005576, GO:0008289, GO:0009279, GO:0030258, GO:0042834, GO:0043580, RefSeq:WP_001082326.1, SO:0001217, UniParc:UPI0000059DE3, UniRef:UniRef100_Q8Z6K1, UniRef:UniRef50_Q8Z6K1, UniRef:UniRef90_Q8Z6K1","Tier 1 - Known phage receptor class"
"putative outer membrane protein","ratB",3,"HFCAGB_13965","RefSeq:WP_000837139.1, SO:0001217, UniParc:UPI00016A058D, UniRef:UniRef100_A0A711IKU4, UniRef:UniRef50_A0A625ZCI8, UniRef:UniRef90_A0A5H8WEG6, VFDB:VFC0001, VFDB:VFG002306","Tier 1 - Known phage receptor class"
"N-acetylglucosamine-regulated outer membrane porin",NA,2,"HFCAGB_03910","SO:0001217, UniParc:UPI0002C482D6, UniRef:UniRef100_M7RN57, UniRef:UniRef50_M7RN57, UniRef:UniRef90_M7RN57","Tier 1 - Known phage receptor class"
"Type 1 fimbrial protein",NA,2,"GEGEGB_00165","RefSeq:WP_000839835.1, SO:0001217, UniParc:UPI000005997E, UniRef:UniRef100_A0A725FU59, UniRef:UniRef50_A0A764GR16, UniRef:UniRef90_A0A5Z7C9Z5","Tier 1 - Known phage receptor class"
"(pseudo) Putative outer membrane protein",NA,1,"GEGEGB_01880","SO:0001217, UniRef:UniRef50_A0A6C8H1D7, UniRef:UniRef90_A0A6C8H1D7","Tier 1 - Known phage receptor class"
"(pseudo) cellulose synthase subunit BcsC-related outer membrane protein",NA,1,"GEGEGB_20620","SO:0001217, UniRef:UniRef50_A0A3S4XUQ1, UniRef:UniRef90_UPI00164A0024","Tier 1 - Known phage receptor class"
"Glycoporin",NA,1,"HFCAGB_15125","SO:0001217, UniRef:UniRef50_A0A379UTX9, UniRef:UniRef90_A0A379UTX9","Tier 1 - Known phage receptor class"
"Major outer membrane lipoprotein Lpp",NA,1,"ONMMKP_03380","RefSeq:WP_000198780.1, SO:0001217, UniParc:UPI00016BEBF7, UniRef:UniRef100_A0A3U0UV85, UniRef:UniRef50_Q5PH64, UniRef:UniRef90_A0A3U7XJA4","Tier 1 - Known phage receptor class"
"Outer membrane protein C",NA,1,"GEGEGB_07655","SO:0001217, UniRef:UniRef50_V0VBY0, UniRef:UniRef90_A0A379UPF1","Tier 1 - Known phage receptor class"
"Outer membrane protein OprM","oprM",1,"GEGEGB_13240","SO:0001217, UniParc:UPI000190AEA3, UniRef:UniRef100_A0A636I3Y3, UniRef:UniRef50_A0A655D7G6, UniRef:UniRef90_A0A655D7G6","Tier 1 - Known phage receptor class"
"Outer membrane protein PagN","pagN",1,"BEJGEH_01575","COG:COG3637, COG:M, GO:0009279, SO:0001217, UniParc:UPI00016BEB2B, UniRef:UniRef100_B5F8Z7, UniRef:UniRef50_Q8ZRJ9, UniRef:UniRef90_Q8ZRJ9","Tier 1 - Known phage receptor class"
"Outer membrane protein for export and assembly of type 1 fimbriae",NA,1,"GEGEGB_00130","SO:0001217, UniRef:UniRef50_A0A378ALB2","Tier 1 - Known phage receptor class"
"Porin OmpC","ompC",1,"LNHIMF_07640","RefSeq:WP_000824337.1, SO:0001217, UniParc:UPI000169F897, UniRef:UniRef100_A0A8E6U2H4, UniRef:UniRef50_P06996, UniRef:UniRef90_A0A6Y3E1E6","Tier 1 - Known phage receptor class"
"Porin OmpS1","ompS1",1,"HFCAGB_06105","SO:0001217, UniParc:UPI00017F77BA, UniRef:UniRef100_A0A3Y2QQG3, UniRef:UniRef50_P02932, UniRef:UniRef90_A0A701YWJ8","Tier 1 - Known phage receptor class"
"Porin thermoregulatory protein EnvY","envY",1,"BEJGEH_21820","SO:0001217, UniRef:UniRef50_A0A8S0G5G9, UniRef:UniRef90_B5F2H2","Tier 1 - Known phage receptor class"
"microcompartment protein PduM","pduM",1,"HFCAGB_11550","GO:0005198, GO:0031472, GO:0051144, GO:1902117, RefSeq:WP_001012973.1, SO:0001217, UniParc:UPI00016A173A, UniRef:UniRef100_A0A3Y2QGX9, UniRef:UniRef50_Q9XDN4, UniRef:UniRef90_Q9XDN4","Tier 1 - Known phage receptor class"
"type 1 fimbrial protein",NA,1,"GEGEGB_24455","SO:0001217, UniRef:UniRef50_UPI00111ACC4F, UniRef:UniRef90_UPI00111ACC4F","Tier 1 - Known phage receptor class"
"fimbrial outer membrane usher protein","fimD",18,"GEGEGB_13305","COG:COG3188, COG:NW, KEGG:K07347, SO:0001217, UniRef:UniRef50_A0A514EPK1, UniRef:UniRef90_A0A447NZW9","Tier 2 - Surface-associated"
"Uncharacterized conserved protein YhjY, contains autotransporter beta-barrel domain","yhjY",10,"GEGEGB_20495","COG:COG5571, COG:R, RefSeq:WP_000637074.1, SO:0001217, UniParc:UPI000005A742, UniRef:UniRef100_A0A726A669, UniRef:UniRef50_P37663, UniRef:UniRef90_A0A379TUY7","Tier 2 - Surface-associated"
"intimin-like inverse autotransporter SinH","sinH",10,"GEGEGB_01850","SO:0001217, UniParc:UPI0002BBF3A9, UniRef:UniRef100_A0A5I0FKH9, UniRef:UniRef50_G9Y5J8, UniRef:UniRef90_A0A6C8G9Z3","Tier 2 - Surface-associated"
"Flagellar P-ring protein","flgI",9,"GEGEGB_09200","COG:COG1706, COG:N, GO:0005198, GO:0009428, GO:0030288, GO:0071973, KEGG:K02394, RefSeq:WP_001518955.1, SO:0001217, UniParc:UPI0000061B57, UniRef:UniRef100_B5F926, UniRef:UniRef50_P58203, UniRef:UniRef90_B5F926","Tier 2 - Surface-associated"
"Flagellar basal-body rod protein FlgF","flgF",9,"GEGEGB_09215","COG:COG4787, COG:N, GO:0009425, GO:0071978, RefSeq:WP_000349284.1, SO:0001217, UniParc:UPI0000059FAC, UniRef:UniRef100_A0A725GDF8, UniRef:UniRef50_P16323, UniRef:UniRef90_P16323","Tier 2 - Surface-associated"
"Inverse autotransporter beta-domain domain-containing protein",NA,9,"GEGEGB_08330","RefSeq:WP_000232041.1, SO:0001217, UniParc:UPI0000059F0D, UniRef:UniRef100_A0A726APY4, UniRef:UniRef50_V1H4F9, UniRef:UniRef90_V1H4F9","Tier 2 - Surface-associated"
"autotransporter assembly complex protein TamA","tamA",9,"GEGEGB_23555","BlastRules:WP_001120231, COG:COG0729, COG:M, GO:0009279, RefSeq:WP_001120231.1, SO:0001217, UniParc:UPI000005A95C, UniRef:UniRef100_E1WAU4, UniRef:UniRef50_E1WAU4, UniRef:UniRef90_E1WAU4","Tier 2 - Surface-associated"
"autotransporter assembly complex protein TamB","tamB",9,"GEGEGB_23560","BlastRules:WP_000060815, COG:COG2911, COG:U, RefSeq:WP_000060812.1, SO:0001217, UniParc:UPI000005A95D, UniRef:UniRef100_A0A725FWM6, UniRef:UniRef50_P39321, UniRef:UniRef90_V1H6H0","Tier 2 - Surface-associated"
"fimbrial outer membrane usher protein StdB","stdB",9,"GEGEGB_15470","COG:COG3188, COG:NW, RefSeq:WP_000705516.1, SO:0001217, UniParc:UPI000005A3FA, UniRef:UniRef100_A0A725GBX8, UniRef:UniRef50_A0A624MUN2, UniRef:UniRef90_A0A379NHJ7","Tier 2 - Surface-associated"
"fimbrial usher protein StbD","stbD",9,"GEGEGB_13310","RefSeq:WP_000899085.1, SO:0001217, UniParc:UPI000005A280, UniRef:UniRef100_A0A725GBW7, UniRef:UniRef50_E1SDF6, UniRef:UniRef90_A0A2I5HK54","Tier 2 - Surface-associated"
"flagellar basal body L-ring protein FlgH","flgH",9,"GEGEGB_09205","COG:COG2063, COG:N, GO:0003774, GO:0009279, GO:0009427, GO:0071973, SO:0001217, UniParc:UPI00017A8B5D, UniRef:UniRef100_Q57QH8, UniRef:UniRef50_Q6D6H3, UniRef:UniRef90_Q57QH8","Tier 2 - Surface-associated"
"flagellar basal body rod protein FlgB","flgB",9,"GEGEGB_09235","COG:COG1815, COG:N, GO:0001539, GO:0005198, GO:0009429, GO:0030694, GO:0071978, RefSeq:WP_000887042.1, SO:0001217, UniParc:UPI0000059FB0, UniRef:UniRef100_A0A725G5K6, UniRef:UniRef50_P16437, UniRef:UniRef90_P16437","Tier 2 - Surface-associated"
"flagellar basal body rod protein FlgC","flgC",9,"GEGEGB_09230","COG:COG1558, COG:N, GO:0001539, GO:0005198, GO:0009425, GO:0030694, GO:0071978, RefSeq:WP_001196448.1, SO:0001217, UniParc:UPI0000059FAF, UniRef:UniRef100_P0A1I8, UniRef:UniRef50_P0A1I8, UniRef:UniRef90_P0A1I8","Tier 2 - Surface-associated"
"flagellar basal body-associated protein FliL","fliL",9,"GEGEGB_04850","COG:COG1580, COG:N, GO:0005886, GO:0006935, GO:0009425, GO:0071973, GO:0071978, RefSeq:WP_000132172.1, SO:0001217, UniParc:UPI0000059CAC, UniRef:UniRef100_A0A725K075, UniRef:UniRef50_P26417, UniRef:UniRef90_P26417","Tier 2 - Surface-associated"
"flagellar basal-body MS-ring/collar protein FliF","fliF",9,"GEGEGB_04880","COG:COG1766, COG:NU, GO:0001539, GO:0003774, GO:0005198, GO:0005886, GO:0009431, GO:0071973, RefSeq:WP_001276827.1, SO:0001217, UniParc:UPI0000059CB2, UniRef:UniRef100_A0A725FZX0, UniRef:UniRef50_P15928, UniRef:UniRef90_P15928","Tier 2 - Surface-associated"
"flagellar basal-body rod protein FlgG","flgG",9,"GEGEGB_09210","GO:0009426, GO:0071973, GO:0071978, RefSeq:WP_000625851.1, SO:0001217, UniParc:UPI0000059FAB, UniRef:UniRef100_P0A1J4, UniRef:UniRef50_P0A1J4, UniRef:UniRef90_P0A1J4","Tier 2 - Surface-associated"
"fimbrial usher BcfC","bcfC",8,"LNHIMF_00120","BlastRules:WP_001245864, COG:COG3188, COG:NW, GO:0005515, GO:0009297, GO:0015473, GO:0016020, RefSeq:WP_001245844.1, SO:0001217, UniParc:UPI000169E90B, UniRef:UniRef100_A0A0N1QS39, UniRef:UniRef50_A0A401AVP4, UniRef:UniRef90_A0A3E1XKU4","Tier 2 - Surface-associated"
"non-fimbrial adhesin SiiE","siiE",8,"LNHIMF_21745","BlastRules:WP_000527217, RefSeq:WP_000527189.1, SO:0001217, UniParc:UPI000169EB43, UniRef:UniRef100_A0A722S0H2, UniRef:UniRef50_A0A3V7BXX7, UniRef:UniRef90_A0A3V7BXX7","Tier 2 - Surface-associated"
"putative autotransporter","misL",8,"LNHIMF_19035","COG:COG3468, COG:MU, RefSeq:WP_001143049.1, SO:0001217, UniParc:UPI00017B851A, UniRef:UniRef100_A0A8F6NYR5, UniRef:UniRef50_A0A609N1Q4, UniRef:UniRef90_A0A609N1Q4, VFDB:VFC0001, VFDB:VFG002304","Tier 2 - Surface-associated"
"trimeric autotransporter adhesin SadA","sadA",8,"LNHIMF_18680","BlastRules:WP_001079584, COG:COG5295, COG:UW, RefSeq:WP_001079638.1, SO:0001217, UniParc:UPI000169F355, UniRef:UniRef100_A0A3V9PRP3, UniRef:UniRef50_Q8ZL64, UniRef:UniRef90_A0A3V9PRP3","Tier 2 - Surface-associated"
"Autotransporter",NA,1,"GEGEGB_20240","SO:0001217, UniParc:UPI000005A714, UniRef:UniRef100_Q83ST9, UniRef:UniRef50_A0A634TNN9, UniRef:UniRef90_Q9F2D8","Tier 2 - Surface-associated"
"Fimbrial outer membrane usher protein StbC","stbC",1,"GEGEGB_13300","SO:0001217, UniRef:UniRef50_A0A3S4KEJ3, UniRef:UniRef90_A0A3S4KEJ3","Tier 2 - Surface-associated"
"intestinal colonization autotransporter adhesin MisL","misL",1,"GEGEGB_19875","SO:0001217, UniRef:UniRef50_A0A655BQK8, UniRef:UniRef90_A0A379WJW1","Tier 2 - Surface-associated"
